id,coformer1,coformer2,maccs_bit_1,maccs_bit_2,maccs_bit_3,maccs_bit_4,maccs_bit_5,maccs_bit_6,maccs_bit_7,maccs_bit_8,maccs_bit_9,maccs_bit_10,maccs_bit_11,maccs_bit_12,maccs_bit_13,maccs_bit_14,maccs_bit_15,maccs_bit_16,maccs_bit_17,maccs_bit_18,maccs_bit_19,maccs_bit_20,maccs_bit_21,maccs_bit_22,maccs_bit_23,maccs_bit_24,maccs_bit_25,maccs_bit_26,maccs_bit_27,maccs_bit_28,maccs_bit_29,maccs_bit_30,maccs_bit_31,maccs_bit_32,maccs_bit_33,maccs_bit_34,maccs_bit_35,maccs_bit_36,maccs_bit_37,maccs_bit_38,maccs_bit_39,maccs_bit_40,maccs_bit_41,maccs_bit_42,maccs_bit_43,maccs_bit_44,maccs_bit_45,maccs_bit_46,maccs_bit_47,maccs_bit_48,maccs_bit_49,maccs_bit_50,maccs_bit_51,maccs_bit_52,maccs_bit_53,maccs_bit_54,maccs_bit_55,maccs_bit_56,maccs_bit_57,maccs_bit_58,maccs_bit_59,maccs_bit_60,maccs_bit_61,maccs_bit_62,maccs_bit_63,maccs_bit_64,maccs_bit_65,maccs_bit_66,maccs_bit_67,maccs_bit_68,maccs_bit_69,maccs_bit_70,maccs_bit_71,maccs_bit_72,maccs_bit_73,maccs_bit_74,maccs_bit_75,maccs_bit_76,maccs_bit_77,maccs_bit_78,maccs_bit_79,maccs_bit_80,maccs_bit_81,maccs_bit_82,maccs_bit_83,maccs_bit_84,maccs_bit_85,maccs_bit_86,maccs_bit_87,maccs_bit_88,maccs_bit_89,maccs_bit_90,maccs_bit_91,maccs_bit_92,maccs_bit_93,maccs_bit_94,maccs_bit_95,maccs_bit_96,maccs_bit_97,maccs_bit_98,maccs_bit_99,maccs_bit_100,maccs_bit_101,maccs_bit_102,maccs_bit_103,maccs_bit_104,maccs_bit_105,maccs_bit_106,maccs_bit_107,maccs_bit_108,maccs_bit_109,maccs_bit_110,maccs_bit_111,maccs_bit_112,maccs_bit_113,maccs_bit_114,maccs_bit_115,maccs_bit_116,maccs_bit_117,maccs_bit_118,maccs_bit_119,maccs_bit_120,maccs_bit_121,maccs_bit_122,maccs_bit_123,maccs_bit_124,maccs_bit_125,maccs_bit_126,maccs_bit_127,maccs_bit_128,maccs_bit_129,maccs_bit_130,maccs_bit_131,maccs_bit_132,maccs_bit_133,maccs_bit_134,maccs_bit_135,maccs_bit_136,maccs_bit_137,maccs_bit_138,maccs_bit_139,maccs_bit_140,maccs_bit_141,maccs_bit_142,maccs_bit_143,maccs_bit_144,maccs_bit_145,maccs_bit_146,maccs_bit_147,maccs_bit_148,maccs_bit_149,maccs_bit_150,maccs_bit_151,maccs_bit_152,maccs_bit_153,maccs_bit_154,maccs_bit_155,maccs_bit_156,maccs_bit_157,maccs_bit_158,maccs_bit_159,maccs_bit_160,maccs_bit_161,maccs_bit_162,maccs_bit_163,maccs_bit_164,maccs_bit_165,maccs_bit_166,maccs_bit_167,predicted_form_prob
1,O=C(C(Cl)=C1O)C(O)=C(Cl)C1=O,c1ccc2nc3ccccc3nc2c1,0,0,0,0,0,0,0,0,0,0,0,0,0,0,0,0,0,0,0,0,0,0,0,0,0,0,0,0,0,0,0,0,0,0,0,0,0,0,0,0,0,0,0,0,0,0,0,0,0,0,0,0,0,0,0,0,0,0,0,0,0,0,0,0,0,1,0,0,0,0,0,0,1,0,0,0,1,0,0,1,0,0,0,0,0,0,0,1,0,1,0,0,0,0,0,0,0,0,1,1,0,1,0,1,0,1,0,1,0,0,0,0,0,0,0,0,0,0,0,0,1,1,0,0,0,1,0,1,0,0,0,1,0,0,1,0,1,1,0,1,1,0,1,1,0,1,1,0,0,0,1,0,1,0,1,0,1,1,0,1,0,1,1,2,1,2,0,0.99
2,O=C(C(Cl)=C1O)C(O)=C(Cl)C1=O,CC1=NC2=CC=CC=C2N=C1C,0,0,0,0,0,0,0,0,0,0,0,0,0,0,0,0,0,0,0,0,0,0,0,0,0,0,0,0,0,0,0,0,0,0,0,0,0,0,0,0,0,0,0,0,0,0,0,0,0,0,0,0,0,0,0,0,0,0,0,0,0,0,0,0,0,1,0,0,0,0,0,0,1,0,0,0,1,0,0,1,0,0,0,0,0,0,0,1,0,1,0,0,0,0,0,0,0,0,1,1,0,1,0,1,0,1,0,1,0,0,0,0,0,0,0,0,0,0,0,0,1,1,0,0,0,1,0,1,0,0,0,1,0,0,1,0,1,1,0,1,1,0,1,1,1,1,1,0,0,1,2,0,1,0,1,0,1,1,0,1,1,1,1,2,1,2,0,0.9
3,O=C(C(Cl)=C1O)C(O)=C(Cl)C1=O,c1cnc2cc3nccnc3cc2n1,0,0,0,0,0,0,0,0,0,0,0,0,0,0,0,0,0,0,0,0,0,0,0,0,0,0,0,0,0,0,0,0,0,0,0,0,0,0,0,0,0,0,0,0,0,0,0,0,0,0,0,0,0,0,0,0,0,0,0,0,0,0,0,0,0,1,0,0,0,0,0,0,1,0,0,0,1,0,0,1,1,0,0,0,0,0,0,1,0,1,0,0,0,0,0,0,0,0,1,1,0,1,0,1,0,1,0,1,0,0,0,0,0,0,0,0,0,0,0,0,1,1,0,0,0,1,0,1,0,0,0,1,0,0,1,0,1,1,0,1,1,0,1,1,0,1,1,0,0,0,1,0,1,0,1,0,1,1,0,1,0,1,1,2,1,2,0,0.95
4,O=C(C(Cl)=C1O)C(O)=C(Cl)C1=O,c1nc2cc3nc4ccccc4nc3cc2[nH]1,0,0,0,0,0,0,0,0,0,0,0,0,0,0,0,0,0,0,0,0,0,0,0,0,0,0,0,0,0,0,0,0,0,0,0,0,0,0,0,0,0,0,0,0,0,0,0,0,0,0,0,0,0,0,0,0,0,0,0,0,0,0,0,0,0,1,0,0,0,0,0,0,1,0,0,0,1,1,0,1,1,0,0,1,0,0,0,1,0,1,0,0,0,0,0,0,1,0,1,1,0,1,0,1,0,1,0,1,0,0,0,0,0,0,0,0,0,0,0,0,1,1,0,0,0,1,0,1,0,0,0,1,0,0,1,0,1,1,0,1,1,0,1,1,0,1,1,0,0,0,1,1,1,0,1,0,1,1,0,1,0,1,1,2,1,2,0,0.67
5,O=C(C(Cl)=C1O)C(O)=C(Cl)C1=O,c1ccc2nc3c(nc2c1)c1nc2ccccc2nc1c1nc2ccccc2nc31,0,0,0,0,0,0,0,0,0,0,0,0,0,0,0,0,0,0,0,0,0,0,0,0,0,0,0,0,0,0,0,0,0,0,0,0,0,0,0,0,0,0,0,0,0,0,0,0,0,0,0,0,0,0,0,0,0,0,0,0,0,0,0,0,0,1,0,0,0,0,0,0,1,0,0,0,1,0,0,1,1,0,0,0,0,0,0,1,0,1,0,0,0,0,0,0,0,0,1,1,0,1,0,1,0,1,0,1,0,0,0,0,0,0,0,0,0,0,0,0,1,1,0,0,0,1,0,1,0,0,0,1,0,0,1,0,1,1,0,1,1,0,1,1,0,1,1,0,0,0,1,0,1,0,1,0,1,1,0,1,0,1,1,2,1,2,0,0.95
6,O=C(C(Cl)=C1O)C(O)=C(Cl)C1=O,c1ccc2cc3nccnc3cc2c1,0,0,0,0,0,0,0,0,0,0,0,0,0,0,0,0,0,0,0,0,0,0,0,0,0,0,0,0,0,0,0,0,0,0,0,0,0,0,0,0,0,0,0,0,0,0,0,0,0,0,0,0,0,0,0,0,0,0,0,0,0,0,0,0,0,1,0,0,0,0,0,0,1,0,0,0,1,0,0,1,0,0,0,0,0,0,0,1,0,1,0,0,0,0,0,0,0,0,1,1,0,1,0,1,0,1,0,1,0,0,0,0,0,0,0,0,0,0,0,0,1,1,0,0,0,1,0,1,0,0,0,1,0,0,1,0,1,1,0,1,1,0,1,1,0,1,1,0,0,0,1,0,1,0,1,0,1,1,0,1,0,1,1,2,1,2,0,0.99
7,O=C(C(Cl)=C1O)C(O)=C(Cl)C1=O,Ic1ccc2nc3ccccc3nc2c1,0,0,0,0,0,0,0,0,0,0,0,0,0,0,0,0,0,0,0,0,0,0,0,0,0,0,0,1,0,0,0,0,0,0,0,0,0,0,0,0,0,0,0,0,0,0,0,0,0,0,0,0,0,0,0,0,0,0,0,0,0,0,0,0,0,1,0,0,0,0,0,0,1,0,0,0,1,0,0,1,0,0,0,0,0,0,0,2,0,1,0,0,0,0,0,0,0,0,1,1,0,1,0,1,0,1,0,2,0,0,0,0,0,0,0,0,0,0,0,0,1,1,0,0,0,1,0,1,0,0,0,1,0,0,2,0,1,1,0,1,1,0,1,1,0,1,1,0,0,0,1,0,1,0,1,0,1,1,0,1,0,1,1,2,1,2,0,0.85
8,O=C(C(Cl)=C1O)C(O)=C(Cl)C1=O,c1cc2ncccc2[nH]1,0,0,0,0,0,0,0,0,0,0,0,0,0,0,0,0,0,0,0,0,0,0,0,0,0,0,0,0,0,0,0,0,0,0,0,0,0,0,0,0,0,0,0,0,0,0,0,0,0,0,0,0,0,0,0,0,0,0,0,0,0,0,0,0,0,1,0,0,0,0,0,0,1,0,0,0,1,0,0,1,1,0,0,1,0,0,0,1,0,1,0,0,0,0,0,0,1,0,1,1,0,1,0,1,0,1,0,1,0,0,0,0,0,0,0,0,0,0,0,0,1,1,0,0,0,1,0,1,0,0,0,1,0,0,1,0,1,1,0,1,1,0,1,1,0,0,1,0,0,0,1,1,1,0,1,0,1,1,0,1,0,1,1,2,1,2,0,0.74
9,O=C(C(Cl)=C1O)C(O)=C(Cl)C1=O,c1cc2cnc3ccccc3n2c1,0,0,0,0,0,0,0,0,0,0,0,0,0,0,0,0,0,0,0,0,0,0,0,0,0,0,0,0,0,0,0,0,0,0,0,0,0,0,0,0,0,0,0,0,0,0,0,0,0,0,0,0,0,0,0,0,0,0,0,0,0,0,0,0,0,1,0,0,0,0,0,0,1,0,0,0,1,0,0,1,0,0,0,1,0,1,0,1,0,1,0,0,0,0,0,0,1,0,1,1,0,1,0,1,0,1,0,1,0,0,0,0,0,0,0,0,0,0,0,0,1,1,1,0,0,1,0,1,0,0,0,1,0,0,1,0,1,1,0,1,1,0,1,1,0,1,1,0,1,0,1,0,1,0,1,0,1,1,0,1,0,1,1,2,1,2,0,0.64
10,O=C(C(Cl)=C1O)C(O)=C(Cl)C1=O,Oc1ccc2nc3ccccc3nc2c1,0,0,0,0,0,0,0,0,0,0,0,0,0,0,0,0,0,0,0,0,0,0,0,0,0,0,0,0,0,0,0,0,0,0,0,0,0,0,0,0,0,0,0,0,0,0,0,0,0,0,0,0,0,0,0,0,0,0,0,0,0,0,0,0,0,1,0,0,0,0,0,0,1,0,0,0,1,0,0,1,0,0,0,0,0,0,0,1,0,1,0,0,0,0,0,0,0,1,1,1,0,1,0,1,0,1,0,1,0,0,0,0,0,1,0,0,0,0,0,0,1,1,0,0,0,1,0,2,0,0,0,1,0,0,1,0,1,1,0,2,1,0,1,2,0,1,1,0,0,0,1,0,2,0,1,0,1,2,0,1,0,1,1,2,2,2,0,0.64
11,O=C(C(Cl)=C1O)C(O)=C(Cl)C1=O,Clc1ccc2nc3ccccc3nc2c1,0,0,0,0,0,0,0,0,0,0,0,0,0,0,0,0,0,0,0,0,0,0,0,0,0,0,0,0,0,0,0,0,0,0,0,0,0,0,0,0,0,0,0,0,0,0,0,0,0,0,0,0,0,0,0,0,0,0,0,0,0,0,0,0,0,1,0,0,0,0,0,0,1,0,0,0,1,0,0,1,0,0,0,0,0,0,0,2,0,1,0,0,0,0,0,0,0,0,1,1,0,1,0,2,0,1,0,2,0,0,0,0,0,0,0,0,0,0,0,0,1,1,0,0,0,1,0,1,0,0,0,1,0,0,2,0,1,1,0,1,1,0,1,1,0,1,1,0,0,0,1,0,1,0,1,0,1,1,0,1,0,1,1,2,1,2,0,0.86
12,O=C(C(Cl)=C1O)C(O)=C(Cl)C1=O,Brc1ccc2nc3ccc(Br)cc3nc2c1,0,0,0,0,0,0,0,0,0,0,0,0,0,0,0,0,0,0,0,0,0,0,0,0,0,0,0,0,0,0,0,0,0,0,0,0,0,0,0,0,0,0,0,0,0,0,1,0,0,0,0,0,0,0,0,0,0,0,0,0,0,0,0,0,0,1,0,0,0,0,0,0,1,0,0,0,1,0,0,1,0,0,0,0,0,0,0,2,0,1,0,0,0,0,0,0,0,0,1,1,0,1,0,1,0,1,0,2,0,0,0,0,0,0,0,0,0,0,0,0,1,1,0,0,0,1,0,1,0,0,0,1,0,0,2,0,1,1,0,1,1,0,1,1,0,1,1,0,0,0,1,0,1,0,1,0,1,1,0,1,0,1,1,2,1,2,0,0.89
13,O=C(C(Cl)=C1O)C(O)=C(Cl)C1=O,Fc1ccc2nc3ccccc3nc2c1,0,0,0,0,0,0,0,0,0,0,0,0,0,0,0,0,0,0,0,0,0,0,0,0,0,0,0,0,0,0,0,0,0,0,0,0,0,0,0,0,0,0,1,0,0,0,0,0,0,0,0,0,0,0,0,0,0,0,0,0,0,0,0,0,0,1,0,0,0,0,0,0,1,0,0,0,1,0,0,1,0,0,0,0,0,0,0,2,0,1,0,0,0,0,0,0,0,0,1,1,0,1,0,1,0,1,0,2,0,0,0,0,0,0,0,0,0,0,0,0,1,1,0,0,0,1,0,1,0,0,0,1,0,0,2,0,1,1,0,1,1,0,1,1,0,1,1,0,0,0,1,0,1,0,1,0,1,1,0,1,0,1,1,2,1,2,0,0.88
14,O=C(C(Cl)=C1O)C(O)=C(Cl)C1=O,Cc1ccc2nc3ccccc3nc2c1,0,0,0,0,0,0,0,0,0,0,0,0,0,0,0,0,0,0,0,0,0,0,0,0,0,0,0,0,0,0,0,0,0,0,0,0,0,0,0,0,0,0,0,0,0,0,0,0,0,0,0,0,0,0,0,0,0,0,0,0,0,0,0,0,0,1,0,0,0,0,0,0,1,0,0,0,1,0,0,1,0,0,0,0,0,0,0,1,0,1,0,0,0,0,0,0,0,0,1,1,0,1,0,1,0,1,0,1,0,0,0,0,0,0,0,0,0,0,0,0,1,1,0,0,0,1,0,1,0,0,0,1,0,0,1,0,1,1,0,1,1,0,1,1,0,1,1,0,0,0,1,0,1,0,1,0,1,1,0,1,1,1,1,2,1,2,0,0.95
15,O=C(C(Cl)=C1O)C(O)=C(Cl)C1=O,Brc1ccc2nc3ccccc3nc2c1,0,0,0,0,0,0,0,0,0,0,0,0,0,0,0,0,0,0,0,0,0,0,0,0,0,0,0,0,0,0,0,0,0,0,0,0,0,0,0,0,0,0,0,0,0,0,1,0,0,0,0,0,0,0,0,0,0,0,0,0,0,0,0,0,0,1,0,0,0,0,0,0,1,0,0,0,1,0,0,1,0,0,0,0,0,0,0,2,0,1,0,0,0,0,0,0,0,0,1,1,0,1,0,1,0,1,0,2,0,0,0,0,0,0,0,0,0,0,0,0,1,1,0,0,0,1,0,1,0,0,0,1,0,0,2,0,1,1,0,1,1,0,1,1,0,1,1,0,0,0,1,0,1,0,1,0,1,1,0,1,0,1,1,2,1,2,0,0.89
16,O=C(C(Cl)=C1O)C(O)=C(Cl)C1=O,c1nc2cc3nccnc3cc2[nH]1,0,0,0,0,0,0,0,0,0,0,0,0,0,0,0,0,0,0,0,0,0,0,0,0,0,0,0,0,0,0,0,0,0,0,0,0,0,0,0,0,0,0,0,0,0,0,0,0,0,0,0,0,0,0,0,0,0,0,0,0,0,0,0,0,0,1,0,0,0,0,0,0,1,0,0,0,1,1,0,1,1,0,0,1,0,0,0,1,0,1,0,0,0,0,0,0,1,0,1,1,0,1,0,1,0,1,0,1,0,0,0,0,0,0,0,0,0,0,0,0,1,1,0,0,0,1,0,1,0,0,0,1,0,0,1,0,1,1,0,1,1,0,1,1,0,1,1,0,0,0,1,1,1,0,1,0,1,1,0,1,0,1,1,2,1,2,0,0.67
17,O=C(C(Cl)=C1O)C(O)=C(Cl)C1=O,c1nc2ccccc2[nH]1,0,0,0,0,0,0,0,0,0,0,0,0,0,0,0,0,0,0,0,0,0,0,0,0,0,0,0,0,0,0,0,0,0,0,0,0,0,0,0,0,0,0,0,0,0,0,0,0,0,0,0,0,0,0,0,0,0,0,0,0,0,0,0,0,0,1,0,0,0,0,0,0,1,0,0,0,1,1,0,1,0,0,0,1,0,0,0,1,0,1,0,0,0,0,0,0,1,0,0,1,0,1,0,1,0,1,0,1,0,0,0,0,0,0,0,0,0,0,0,0,1,1,0,0,0,1,0,1,0,0,0,1,0,0,1,0,1,1,0,1,1,0,1,1,0,0,1,0,0,0,1,1,1,0,1,0,1,1,0,1,0,1,1,2,1,2,0,0.67
18,O=C(C(Cl)=C1O)C(O)=C(Cl)C1=O,Oc1cnc2ccccc2n1,0,0,0,0,0,0,0,0,0,0,0,0,0,0,0,0,0,0,0,0,0,0,0,0,0,0,0,0,0,0,0,0,0,0,0,0,0,0,0,0,0,0,0,0,0,0,0,0,0,0,0,0,0,0,0,0,0,0,0,0,0,0,0,0,0,1,0,0,0,0,0,0,1,0,0,0,1,0,0,1,0,0,0,0,0,0,0,1,0,1,0,0,1,0,0,1,0,0,1,1,0,1,0,1,0,1,0,1,0,0,1,0,0,1,0,0,0,1,0,0,1,1,0,0,0,1,0,2,0,0,0,1,0,0,1,0,1,1,0,2,1,0,1,2,0,1,1,0,0,0,1,0,1,0,1,0,1,2,0,1,0,1,1,2,2,2,0,0.61
19,O=C(C(Cl)=C1O)C(O)=C(Cl)C1=O,Nc1ccc2nc3ccccc3nc2c1,0,0,0,0,0,0,0,0,0,0,0,0,0,0,0,0,0,0,0,0,0,0,0,0,0,0,0,0,0,0,0,0,0,0,0,0,0,0,0,0,0,0,0,0,0,0,0,0,0,0,0,0,0,0,0,0,0,0,0,0,0,0,0,0,0,1,0,0,0,0,0,0,1,0,0,0,1,0,0,1,1,0,0,0,1,0,0,1,0,1,0,0,0,0,0,0,0,0,1,1,0,1,0,1,0,1,0,1,0,0,0,0,0,0,0,0,0,0,0,0,1,1,0,0,0,1,0,1,0,0,0,1,0,1,1,1,1,1,0,1,1,0,1,1,0,1,1,0,0,0,1,1,1,0,1,0,1,1,1,1,0,1,1,2,1,2,0,0.69
20,O=C(C(Cl)=C1O)C(O)=C(Cl)C1=O,c1cnc2c(c1)[nH]c1cccnc21,0,0,0,0,0,0,0,0,0,0,0,0,0,0,0,0,0,0,0,0,0,0,0,0,0,0,0,0,0,0,0,0,0,0,0,0,0,0,0,0,0,0,0,0,0,0,0,0,0,0,0,0,0,0,0,0,0,0,0,0,0,0,0,0,0,1,0,0,0,0,0,0,1,0,0,0,1,0,0,1,1,0,0,1,0,0,0,1,0,1,0,0,0,0,0,0,1,0,1,1,0,1,0,1,0,1,0,1,0,0,0,0,0,0,0,0,0,0,0,0,1,1,0,0,0,1,0,1,0,0,0,1,0,0,1,0,1,1,0,1,1,0,1,1,0,1,1,0,0,0,1,1,1,0,1,0,1,1,0,1,0,1,1,2,1,2,0,0.72
21,O=C(C(Cl)=C1O)C(O)=C(Cl)C1=O,ON=c1ccc2nc3ccccc3nc2cc1,0,0,0,0,0,0,0,0,0,0,0,0,0,0,0,0,0,0,0,1,0,0,0,0,1,0,0,0,0,0,0,0,0,0,0,0,0,0,0,0,0,0,0,0,0,0,0,0,0,0,0,0,0,0,0,0,0,0,0,0,0,0,0,0,0,1,0,0,0,1,0,1,1,0,0,0,1,0,1,1,0,0,0,0,0,0,0,1,0,1,0,0,0,0,1,0,0,0,1,1,0,1,1,1,0,1,0,1,0,0,0,0,0,0,0,0,0,0,0,1,1,1,0,0,1,1,0,1,0,0,0,1,0,1,1,1,1,1,0,2,1,0,1,1,0,1,1,0,0,0,1,0,1,0,1,0,1,1,0,1,0,1,1,2,2,2,0,0.74
22,O=C(C(Cl)=C1O)C(O)=C(Cl)C1=O,Sc1cnc2ccccc2n1,0,0,0,0,0,0,0,0,0,0,0,0,0,0,0,0,0,0,0,0,0,0,0,0,0,0,0,0,0,0,0,0,0,0,0,0,0,0,0,0,0,0,0,0,0,0,0,1,0,0,0,0,0,0,0,0,0,0,0,1,0,0,0,0,1,1,0,0,0,0,0,0,1,0,0,0,1,0,0,1,0,1,0,0,0,0,0,1,1,1,0,0,0,0,0,0,0,0,1,1,0,1,0,1,0,1,0,1,0,0,0,0,0,0,0,0,0,0,0,0,1,1,0,0,0,1,0,1,0,0,0,1,0,0,1,0,1,1,0,1,1,0,1,1,0,1,1,0,0,0,1,0,1,0,1,0,1,1,0,1,0,1,1,2,1,2,0,0.87
23,O=C(C(Cl)=C1O)C(O)=C(Cl)C1=O,Cc1cnc2ccccc2n1,0,0,0,0,0,0,0,0,0,0,0,0,0,0,0,0,0,0,0,0,0,0,0,0,0,0,0,0,0,0,0,0,0,0,0,0,0,0,0,0,0,0,0,0,0,0,0,0,0,0,0,0,0,0,0,0,0,0,0,0,0,0,0,0,0,1,0,0,0,0,0,0,1,0,0,0,1,0,0,1,0,0,0,0,0,0,0,1,0,1,0,0,0,0,0,0,0,0,1,1,0,1,0,1,0,1,0,1,0,0,0,0,0,0,0,0,0,0,0,0,1,1,0,0,0,1,0,1,0,0,0,1,0,0,1,0,1,1,0,1,1,0,1,1,0,1,1,0,0,0,1,0,1,0,1,0,1,1,0,1,1,1,1,2,1,2,0,0.95
24,O=C(C(Cl)=C1O)C(O)=C(Cl)C1=O,c1ccc2c(c1)ccc1nc3ccccc3nc21,0,0,0,0,0,0,0,0,0,0,0,0,0,0,0,0,0,0,0,0,0,0,0,0,0,0,0,0,0,0,0,0,0,0,0,0,0,0,0,0,0,0,0,0,0,0,0,0,0,0,0,0,0,0,0,0,0,0,0,0,0,0,0,0,0,1,0,0,0,0,0,0,1,0,0,0,1,0,0,1,0,0,0,0,0,0,0,1,0,1,0,0,0,0,0,0,0,0,1,1,0,1,0,1,0,1,0,1,0,0,0,0,0,0,0,0,0,0,0,0,1,1,0,0,0,1,0,1,0,0,0,1,0,0,1,0,1,1,0,1,1,0,1,1,0,1,1,0,0,0,1,0,1,0,1,0,1,1,0,1,0,1,1,2,1,2,0,0.99
25,O=C(C(Cl)=C1O)C(O)=C(Cl)C1=O,c1ccc2cc3nc4c(ccc5ccccc45)nc3cc2c1,0,0,0,0,0,0,0,0,0,0,0,0,0,0,0,0,0,0,0,0,0,0,0,0,0,0,0,0,0,0,0,0,0,0,0,0,0,0,0,0,0,0,0,0,0,0,0,0,0,0,0,0,0,0,0,0,0,0,0,0,0,0,0,0,0,1,0,0,0,0,0,0,1,0,0,0,1,0,0,1,0,0,0,0,0,0,0,1,0,1,0,0,0,0,0,0,0,0,1,1,0,1,0,1,0,1,0,1,0,0,0,0,0,0,0,0,0,0,0,0,1,1,0,0,0,1,0,1,0,0,0,1,0,0,1,0,1,1,0,1,1,0,1,1,0,1,1,0,0,0,1,0,1,0,1,0,1,1,0,1,0,1,1,2,1,2,0,0.99
26,O=C(C(Cl)=C1O)C(O)=C(Cl)C1=O,Brc1cnc2ccccc2n1,0,0,0,0,0,0,0,0,0,0,0,0,0,0,0,0,0,0,0,0,0,0,0,0,0,0,0,0,0,0,0,0,0,0,0,0,0,0,0,0,0,0,0,0,0,0,1,0,0,0,0,0,0,0,0,0,0,0,0,0,0,0,0,0,0,1,0,0,0,0,0,0,1,0,0,0,1,0,0,1,0,0,0,0,0,0,0,2,0,1,0,0,0,0,0,0,0,0,1,1,0,1,0,1,0,1,0,2,0,0,0,0,0,0,0,0,0,0,0,0,1,1,0,0,0,1,0,1,0,0,0,1,0,0,2,0,1,1,0,1,1,0,1,1,0,1,1,0,0,0,1,0,1,0,1,0,1,1,0,1,0,1,1,2,1,2,0,0.89
27,O=C(C(Cl)=C1O)C(O)=C(Cl)C1=O,Nc1cnc2ccccc2n1,0,0,0,0,0,0,0,0,0,0,0,0,0,0,0,0,0,0,0,0,0,0,0,0,0,0,0,0,0,0,0,0,0,0,0,0,0,0,1,0,0,0,0,0,0,0,0,0,0,0,0,0,0,0,0,0,0,0,0,0,0,0,0,0,0,1,0,0,0,0,0,0,1,0,0,0,1,1,0,1,0,0,0,0,1,0,0,1,0,1,0,0,0,0,0,0,0,0,1,1,0,1,0,1,0,1,0,1,0,0,0,0,0,0,0,0,0,0,0,0,1,1,0,0,0,1,0,1,0,0,0,1,0,1,1,1,1,1,0,1,1,0,1,1,0,1,1,0,0,0,1,1,1,0,1,0,1,1,1,1,0,1,1,2,1,2,0,0.6
28,O=C(C(Cl)=C1O)C(O)=C(Cl)C1=O,C[n+]1c2ccccc2nc2ccccc12,0,0,0,0,0,0,0,0,0,0,0,0,0,0,0,0,0,0,0,0,0,0,0,0,0,0,0,0,0,0,0,0,0,0,0,0,0,0,0,0,0,0,0,0,0,0,0,0,0,1,0,0,0,0,0,0,0,0,0,0,0,0,0,0,0,1,0,0,0,0,0,0,1,0,0,1,1,0,0,1,0,0,0,0,0,1,0,1,0,1,0,0,0,1,0,0,0,0,1,1,0,1,0,1,0,1,0,1,0,0,0,0,0,0,0,0,0,0,0,0,1,1,1,0,0,1,0,1,0,0,0,1,0,0,1,0,1,1,0,1,1,0,1,1,0,1,1,0,1,0,1,0,1,0,1,0,1,1,1,1,1,1,1,2,1,2,0,0.65
29,O=C(C(Cl)=C1O)C(O)=C(Cl)C1=O,O=c1cnc2ccccc2[nH]1,0,0,0,0,0,0,0,0,0,0,0,0,0,0,0,0,0,0,0,0,0,0,0,0,0,0,0,0,0,0,0,0,0,0,0,0,0,0,0,0,0,0,0,0,0,0,0,0,0,0,0,0,0,0,0,0,0,0,0,0,0,0,0,0,0,1,0,0,0,0,0,0,1,0,0,0,1,0,0,1,0,0,0,0,0,0,0,1,0,1,0,0,1,0,0,1,0,0,1,1,0,1,0,1,0,1,0,1,0,0,1,0,0,1,0,0,0,1,0,0,1,1,0,0,0,1,0,2,0,0,0,1,0,0,1,0,1,1,0,1,1,0,1,2,0,1,1,0,0,0,1,1,1,0,2,0,1,1,0,1,0,1,1,2,2,2,0,0.74
30,O=C(C(Cl)=C1O)C(O)=C(Cl)C1=O,Clc1cnc2ccccc2n1,0,0,0,0,0,0,0,0,0,0,0,0,0,0,0,0,0,0,0,0,0,0,0,0,0,0,0,0,0,0,0,0,0,0,0,0,0,0,0,0,0,0,0,0,0,0,0,0,0,0,0,0,0,0,0,0,0,0,0,0,0,0,0,0,0,1,0,0,0,0,0,0,1,0,0,0,1,0,0,1,0,0,0,0,0,0,0,2,0,1,0,0,0,0,0,0,0,0,1,1,0,1,0,2,0,1,0,2,0,0,0,0,0,0,0,0,0,0,0,0,1,1,0,0,0,1,0,1,0,0,0,1,0,0,2,0,1,1,0,1,1,0,1,1,0,1,1,0,0,0,1,0,1,0,1,0,1,1,0,1,0,1,1,2,1,2,0,0.86
31,O=C(C(Cl)=C1O)C(O)=C(Cl)C1=O,[Zn+]c1ccc2nccnc2c1,0,0,0,0,0,0,0,0,0,0,0,0,1,0,0,0,0,0,0,0,0,0,0,0,0,0,0,0,0,0,0,0,0,0,0,0,0,0,0,0,0,0,0,0,1,0,0,0,0,1,0,0,0,0,0,0,0,0,0,0,0,0,0,0,0,1,0,0,0,0,0,0,1,0,0,0,1,0,0,1,0,0,0,0,0,0,0,1,0,1,0,0,0,0,0,0,0,0,1,1,0,1,0,1,0,1,0,1,0,0,0,0,0,0,0,0,0,0,0,0,1,1,0,0,0,1,0,1,0,0,0,1,0,0,1,0,1,1,0,1,1,0,1,1,0,1,1,0,0,0,1,0,1,0,1,0,1,1,0,1,0,1,1,2,1,2,0,0.92
32,O=C(C(Cl)=C1O)C(O)=C(Cl)C1=O,c1cnc2c(c1)ccc1cccnc21,0,0,0,0,0,0,0,0,0,0,0,0,0,0,0,0,0,0,0,0,0,0,0,0,0,0,0,0,0,0,0,0,0,0,0,0,0,0,0,0,0,0,0,0,0,0,0,0,0,0,0,0,0,0,0,0,0,0,0,0,0,0,0,0,0,1,0,0,0,0,0,0,1,0,0,0,1,0,0,1,0,0,0,0,0,0,0,1,0,1,0,0,0,0,0,0,0,0,1,1,0,1,0,1,0,1,0,1,0,0,0,0,0,0,0,0,0,0,0,0,1,1,0,0,0,1,0,1,0,0,0,1,0,0,1,0,1,1,0,1,1,0,1,1,0,1,1,0,0,0,1,0,1,0,1,0,1,1,0,1,0,1,1,2,1,2,0,0.99
33,O=C(C(Cl)=C1O)C(O)=C(Cl)C1=O,[O-][n+]1c2ccccc2nc2ccccc12,0,0,0,0,0,0,0,0,0,0,0,0,0,1,0,0,0,0,0,0,0,0,0,0,1,0,0,0,0,0,0,0,0,0,0,0,0,0,0,0,0,0,0,0,0,0,0,0,0,1,0,0,0,0,0,0,0,0,0,0,0,0,0,0,0,1,0,0,0,0,0,1,1,0,0,1,1,0,0,1,0,0,0,0,0,0,0,1,0,1,0,0,0,0,1,0,0,1,1,1,0,1,1,1,0,1,0,1,0,0,0,0,0,1,0,0,0,0,0,0,1,1,1,0,1,1,0,2,0,0,0,1,0,0,1,0,1,1,0,1,1,0,1,2,0,1,1,0,1,0,1,0,1,0,1,0,1,1,0,1,0,1,1,2,2,2,0,0.63
34,O=C(C(Cl)=C1O)C(O)=C(Cl)C1=O,Clc1ccc2nccnc2c1,0,0,0,0,0,0,0,0,0,0,0,0,0,0,0,0,0,0,0,0,0,0,0,0,0,0,0,0,0,0,0,0,0,0,0,0,0,0,0,0,0,0,0,0,0,0,0,0,0,0,0,0,0,0,0,0,0,0,0,0,0,0,0,0,0,1,0,0,0,0,0,0,1,0,0,0,1,0,0,1,0,0,0,0,0,0,0,2,0,1,0,0,0,0,0,0,0,0,1,1,0,1,0,2,0,1,0,2,0,0,0,0,0,0,0,0,0,0,0,0,1,1,0,0,0,1,0,1,0,0,0,1,0,0,2,0,1,1,0,1,1,0,1,1,0,1,1,0,0,0,1,0,1,0,1,0,1,1,0,1,0,1,1,2,1,2,0,0.86
35,O=C(C(Cl)=C1O)C(O)=C(Cl)C1=O,Cc1ccc2nccnc2c1,0,0,0,0,0,0,0,0,0,0,0,0,0,0,0,0,0,0,0,0,0,0,0,0,0,0,0,0,0,0,0,0,0,0,0,0,0,0,0,0,0,0,0,0,0,0,0,0,0,0,0,0,0,0,0,0,0,0,0,0,0,0,0,0,0,1,0,0,0,0,0,0,1,0,0,0,1,0,0,1,0,0,0,0,0,0,0,1,0,1,0,0,0,0,0,0,0,0,1,1,0,1,0,1,0,1,0,1,0,0,0,0,0,0,0,0,0,0,0,0,1,1,0,0,0,1,0,1,0,0,0,1,0,0,1,0,1,1,0,1,1,0,1,1,0,1,1,0,0,0,1,0,1,0,1,0,1,1,0,1,1,1,1,2,1,2,0,0.95
36,O=C(C(Cl)=C1O)C(O)=C(Cl)C1=O,Oc1ccc2nccnc2c1,0,0,0,0,0,0,0,0,0,0,0,0,0,0,0,0,0,0,0,0,0,0,0,0,0,0,0,0,0,0,0,0,0,0,0,0,0,0,0,0,0,0,0,0,0,0,0,0,0,0,0,0,0,0,0,0,0,0,0,0,0,0,0,0,0,1,0,0,0,0,0,0,1,0,0,0,1,0,0,1,0,0,0,0,0,0,0,1,0,1,0,0,0,0,0,0,0,1,1,1,0,1,0,1,0,1,0,1,0,0,0,0,0,1,0,0,0,0,0,0,1,1,0,0,0,1,0,2,0,0,0,1,0,0,1,0,1,1,0,2,1,0,1,2,0,1,1,0,0,0,1,0,2,0,1,0,1,2,0,1,0,1,1,2,2,2,0,0.64
37,O=C(C(Cl)=C1O)C(O)=C(Cl)C1=O,Brc1ccc2nccnc2c1,0,0,0,0,0,0,0,0,0,0,0,0,0,0,0,0,0,0,0,0,0,0,0,0,0,0,0,0,0,0,0,0,0,0,0,0,0,0,0,0,0,0,0,0,0,0,1,0,0,0,0,0,0,0,0,0,0,0,0,0,0,0,0,0,0,1,0,0,0,0,0,0,1,0,0,0,1,0,0,1,0,0,0,0,0,0,0,2,0,1,0,0,0,0,0,0,0,0,1,1,0,1,0,1,0,1,0,2,0,0,0,0,0,0,0,0,0,0,0,0,1,1,0,0,0,1,0,1,0,0,0,1,0,0,2,0,1,1,0,1,1,0,1,1,0,1,1,0,0,0,1,0,1,0,1,0,1,1,0,1,0,1,1,2,1,2,0,0.89
38,O=C(C(Cl)=C1O)C(O)=C(Cl)C1=O,[Mg+]c1ccc2nccnc2c1,0,0,0,0,0,0,0,0,0,0,1,0,0,0,0,0,0,0,0,0,0,0,0,0,0,0,0,0,0,0,0,0,0,0,0,0,0,0,0,0,0,0,0,0,1,0,0,0,0,1,0,0,0,0,0,0,0,0,0,0,0,0,0,0,0,1,0,0,0,0,0,0,1,0,0,0,1,0,0,1,0,0,0,0,0,0,0,1,0,1,0,0,0,0,0,0,0,0,1,1,0,1,0,1,0,1,0,1,0,0,0,0,0,0,0,0,0,0,0,0,1,1,0,0,0,1,0,1,0,0,0,1,0,0,1,0,1,1,0,1,1,0,1,1,0,1,1,0,0,0,1,0,1,0,1,0,1,1,0,1,0,1,1,2,1,2,0,0.92
39,O=C(C(Cl)=C1O)C(O)=C(Cl)C1=O,Fc1ccc2nccnc2c1,0,0,0,0,0,0,0,0,0,0,0,0,0,0,0,0,0,0,0,0,0,0,0,0,0,0,0,0,0,0,0,0,0,0,0,0,0,0,0,0,0,0,1,0,0,0,0,0,0,0,0,0,0,0,0,0,0,0,0,0,0,0,0,0,0,1,0,0,0,0,0,0,1,0,0,0,1,0,0,1,0,0,0,0,0,0,0,2,0,1,0,0,0,0,0,0,0,0,1,1,0,1,0,1,0,1,0,2,0,0,0,0,0,0,0,0,0,0,0,0,1,1,0,0,0,1,0,1,0,0,0,1,0,0,2,0,1,1,0,1,1,0,1,1,0,1,1,0,0,0,1,0,1,0,1,0,1,1,0,1,0,1,1,2,1,2,0,0.88
40,O=C(C(Cl)=C1O)C(O)=C(Cl)C1=O,Nc1ccc2nccnc2c1,0,0,0,0,0,0,0,0,0,0,0,0,0,0,0,0,0,0,0,0,0,0,0,0,0,0,0,0,0,0,0,0,0,0,0,0,0,0,0,0,0,0,0,0,0,0,0,0,0,0,0,0,0,0,0,0,0,0,0,0,0,0,0,0,0,1,0,0,0,0,0,0,1,0,0,0,1,0,0,1,1,0,0,0,1,0,0,1,0,1,0,0,0,0,0,0,0,0,1,1,0,1,0,1,0,1,0,1,0,0,0,0,0,0,0,0,0,0,0,0,1,1,0,0,0,1,0,1,0,0,0,1,0,1,1,1,1,1,0,1,1,0,1,1,0,1,1,0,0,0,1,1,1,0,1,0,1,1,1,1,0,1,1,2,1,2,0,0.69
41,O=C(C(Cl)=C1O)C(O)=C(Cl)C1=O,c1ccc2nc3c4ccccc4c4ccccc4c3nc2c1,0,0,0,0,0,0,0,0,0,0,0,0,0,0,0,0,0,0,0,0,0,0,0,0,0,0,0,0,0,0,0,0,0,0,0,0,0,0,0,0,0,0,0,0,0,0,0,0,0,0,0,0,0,0,0,0,0,0,0,0,0,0,0,0,0,1,0,0,0,0,0,0,1,0,0,0,1,0,0,1,0,0,0,0,0,0,0,1,0,1,0,0,0,0,0,0,0,0,1,1,0,1,0,1,0,1,0,1,0,0,0,0,0,0,0,0,0,0,0,0,1,1,0,0,0,1,0,1,0,0,0,1,0,0,1,0,1,1,0,1,1,0,1,1,0,1,1,0,0,0,1,0,1,0,1,0,1,1,0,1,0,1,1,2,1,2,0,0.99
42,O=C(C(Cl)=C1O)C(O)=C(Cl)C1=O,Cc1cc2nc3ccccc3nc2cc1C,0,0,0,0,0,0,0,0,0,0,0,0,0,0,0,0,0,0,0,0,0,0,0,0,0,0,0,0,0,0,0,0,0,0,0,0,0,0,0,0,0,0,0,0,0,0,0,0,0,0,0,0,0,0,0,0,0,0,0,0,0,0,0,0,0,1,0,0,0,0,0,0,1,0,0,0,1,0,0,1,0,0,0,0,0,0,0,1,0,1,0,0,0,0,0,0,0,0,1,1,0,1,0,1,0,1,0,1,0,0,0,0,0,0,0,0,0,0,0,0,1,1,0,0,0,1,0,1,0,0,0,1,0,0,1,0,1,1,0,1,1,0,1,1,1,1,1,0,0,1,2,0,1,0,1,0,1,1,0,1,1,1,1,2,1,2,0,0.9
43,O=C(C(Cl)=C1O)C(O)=C(Cl)C1=O,c1ccc2cc3nc4c5ccccc5c5ccccc5c4nc3cc2c1,0,0,0,0,0,0,0,0,0,0,0,0,0,0,0,0,0,0,0,0,0,0,0,0,0,0,0,0,0,0,0,0,0,0,0,0,0,0,0,0,0,0,0,0,0,0,0,0,0,0,0,0,0,0,0,0,0,0,0,0,0,0,0,0,0,1,0,0,0,0,0,0,1,0,0,0,1,0,0,1,0,0,0,0,0,0,0,1,0,1,0,0,0,0,0,0,0,0,1,1,0,1,0,1,0,1,0,1,0,0,0,0,0,0,0,0,0,0,0,0,1,1,0,0,0,1,0,1,0,0,0,1,0,0,1,0,1,1,0,1,1,0,1,1,0,1,1,0,0,0,1,0,1,0,1,0,1,1,0,1,0,1,1,2,1,2,0,0.99
44,O=C(C(Cl)=C1O)C(O)=C(Cl)C1=O,c1ccc2c(c1)c1ccccc1c1nc3c4ccccc4c4ccccc4c3nc21,0,0,0,0,0,0,0,0,0,0,0,0,0,0,0,0,0,0,0,0,0,0,0,0,0,0,0,0,0,0,0,0,0,0,0,0,0,0,0,0,0,0,0,0,0,0,0,0,0,0,0,0,0,0,0,0,0,0,0,0,0,0,0,0,0,1,0,0,0,0,0,0,1,0,0,0,1,0,0,1,0,0,0,0,0,0,0,1,0,1,0,0,0,0,0,0,0,0,1,1,0,1,0,1,0,1,0,1,0,0,0,0,0,0,0,0,0,0,0,0,1,1,0,0,0,1,0,1,0,0,0,1,0,0,1,0,1,1,0,1,1,0,1,1,0,1,1,0,0,0,1,0,1,0,1,0,1,1,0,1,0,1,1,2,1,2,0,0.99
45,O=C(C(Cl)=C1O)C(O)=C(Cl)C1=O,Oc1nc2ccccc2nc1O,0,0,0,0,0,0,0,0,0,0,0,0,0,0,0,0,0,0,0,0,0,0,0,0,0,0,0,0,0,0,0,0,0,0,0,0,0,0,0,0,0,0,0,0,0,0,0,0,0,0,0,0,0,0,1,0,0,0,0,0,0,0,0,0,0,1,0,0,0,0,0,0,2,0,0,0,1,0,0,1,0,0,0,0,0,0,0,1,0,1,0,0,1,0,0,1,0,0,1,1,0,1,0,1,0,1,0,1,0,0,1,0,0,1,0,0,0,1,0,0,1,1,0,0,0,1,0,2,0,0,0,2,0,0,1,0,1,1,0,2,1,0,1,2,1,1,1,0,0,0,2,0,1,0,1,0,1,2,0,2,0,1,1,2,2,2,0,0.55
46,O=C(C(Cl)=C1O)C(O)=C(Cl)C1=O,Nc1cc2nc3ccccc3nc2cc1N,0,0,0,0,0,0,0,0,0,0,0,0,0,0,0,0,0,0,0,0,0,0,0,0,0,0,0,0,0,0,0,0,0,0,0,0,0,0,0,0,0,0,0,0,0,0,0,0,0,0,0,0,0,0,1,0,0,0,0,0,0,0,0,0,0,1,0,0,0,0,0,0,1,0,0,0,1,0,0,1,1,0,0,0,1,0,0,1,0,1,0,0,0,0,0,0,0,0,1,1,0,1,0,1,0,1,0,1,0,0,0,0,0,0,0,0,0,0,0,0,1,1,0,0,0,1,0,1,0,0,0,2,0,1,1,1,1,1,0,1,1,0,1,1,1,1,1,0,0,0,2,1,1,0,1,0,1,1,1,1,0,1,1,2,1,2,0,0.6
47,O=C(C(Cl)=C1O)C(O)=C(Cl)C1=O,Sc1nc2ccccc2nc1S,0,0,0,0,0,0,0,0,0,0,0,0,0,0,0,0,0,0,0,0,0,0,0,0,0,0,0,0,0,0,0,0,0,0,0,0,0,0,0,0,0,0,0,0,0,0,0,1,0,0,0,0,0,0,1,0,0,0,0,1,0,0,0,0,1,1,0,0,0,0,0,0,1,0,0,0,1,0,0,1,0,1,0,0,0,0,0,1,1,1,0,0,0,0,0,0,0,0,1,1,0,1,0,1,0,1,0,1,0,0,0,0,0,0,0,0,0,0,0,0,1,1,0,0,0,1,0,1,0,0,0,2,0,0,1,0,1,1,0,1,1,0,1,1,1,1,1,0,0,0,2,0,1,0,1,0,1,1,0,1,0,1,1,2,1,2,0,0.76
48,O=C(C(Cl)=C1O)C(O)=C(Cl)C1=O,S=c1[nH]c2ccccc2[nH]c1=S,0,0,0,0,0,0,0,0,0,0,0,0,0,0,0,0,0,0,0,0,0,0,0,0,0,0,0,0,0,0,0,0,0,0,0,0,0,0,0,0,0,0,0,0,0,0,0,1,0,0,0,0,0,0,1,0,0,0,0,1,0,0,0,0,1,1,0,0,0,0,0,0,1,1,0,0,1,0,0,1,0,1,0,0,0,0,0,1,1,1,0,0,0,0,0,0,0,0,1,1,0,1,0,1,0,1,0,1,0,0,0,0,0,0,0,0,0,0,0,0,1,1,0,0,0,1,0,1,0,0,0,2,0,0,1,0,1,1,0,1,1,0,1,1,1,1,1,0,0,0,2,1,1,0,1,0,1,1,0,1,0,1,1,2,1,2,0,0.7
49,O=C(C(Cl)=C1O)C(O)=C(Cl)C1=O,Brc1nc2ccccc2nc1Br,0,0,0,0,0,0,0,0,0,0,0,0,0,0,0,0,0,0,0,0,0,0,0,0,0,0,0,0,0,0,0,0,0,0,0,0,0,0,0,0,0,0,0,0,0,0,1,0,0,0,0,0,0,0,0,0,0,0,0,0,0,0,0,0,0,1,0,0,0,0,0,0,1,0,0,0,1,0,0,1,0,0,0,0,0,0,0,2,0,1,0,0,0,0,0,0,0,0,1,1,0,1,0,1,0,1,0,2,0,0,0,0,0,0,0,0,0,0,0,0,1,1,0,0,0,1,0,1,0,0,0,1,0,0,2,0,1,1,0,1,1,0,1,1,1,1,1,0,0,0,2,0,1,0,1,0,1,1,0,1,0,1,1,2,1,2,0,0.84
50,O=C(C(Cl)=C1O)C(O)=C(Cl)C1=O,c1cnc2cnccc2n1,0,0,0,0,0,0,0,0,0,0,0,0,0,0,0,0,0,0,0,0,0,0,0,0,0,0,0,0,0,0,0,0,0,0,0,0,0,0,0,0,0,0,0,0,0,0,0,0,0,0,0,0,0,0,0,0,0,0,0,0,0,0,0,0,0,1,0,0,0,0,0,0,1,0,0,0,1,0,0,1,1,0,0,0,0,0,0,1,0,1,0,0,0,0,0,0,0,0,1,1,0,1,0,1,0,1,0,1,0,0,0,0,0,0,0,0,0,0,0,0,1,1,0,0,0,1,0,1,0,0,0,1,0,0,1,0,1,1,0,1,1,0,1,1,0,1,1,0,0,0,1,0,1,0,1,0,1,1,0,1,0,1,1,2,1,2,0,0.95
51,O=C(C(Cl)=C1O)C(O)=C(Cl)C1=O,C[n+]1ccnc2ccccc12,0,0,0,0,0,0,0,0,0,0,0,0,0,0,0,0,0,0,0,0,0,0,0,0,0,0,0,0,0,0,0,0,0,0,0,0,0,0,0,0,0,0,0,0,0,0,0,0,0,1,0,0,0,0,0,0,0,0,0,0,0,0,0,0,0,1,0,0,0,0,0,0,1,0,0,1,1,0,0,1,0,0,0,0,0,1,0,1,0,1,0,0,0,1,0,0,0,0,1,1,0,1,0,1,0,1,0,1,0,0,0,0,0,0,0,0,0,0,0,0,1,1,1,0,0,1,0,1,0,0,0,1,0,0,1,0,1,1,0,1,1,0,1,1,0,1,1,0,1,0,1,0,1,0,1,0,1,1,1,1,1,1,1,2,1,2,0,0.65
52,O=C(C(Cl)=C1O)C(O)=C(Cl)C1=O,c1cc2ccc3cccnc3c2[nH]1,0,0,0,0,0,0,0,0,0,0,0,0,0,0,0,0,0,0,0,0,0,0,0,0,0,0,0,0,0,0,0,0,0,0,0,0,0,0,0,0,0,0,0,0,0,0,0,0,0,0,0,0,0,0,0,0,0,0,0,0,0,0,0,0,0,1,0,0,0,0,0,0,1,0,0,0,1,0,0,1,0,0,0,1,0,0,0,1,0,1,0,0,0,0,0,0,1,0,1,1,0,1,0,1,0,1,0,1,0,0,0,0,0,0,0,0,0,0,0,0,1,1,0,0,0,1,0,1,0,0,0,1,0,0,1,0,1,1,0,1,1,0,1,1,0,1,1,0,0,0,1,1,1,0,1,0,1,1,0,1,0,1,1,2,1,2,0,0.75
53,O=C(C(Cl)=C1O)C(O)=C(Cl)C1=O,[O-][n+]1c2ccccc2[n+]([O-])c2ccccc12,0,0,0,0,0,0,0,0,0,0,0,0,0,1,0,0,0,0,0,0,0,0,0,0,1,0,0,0,0,0,0,0,0,0,0,0,0,0,0,0,0,0,0,0,0,0,0,0,0,1,0,0,0,0,0,0,0,0,0,0,0,0,0,0,0,1,0,0,0,0,0,1,1,0,0,1,1,0,0,1,0,0,0,0,0,0,0,1,0,1,0,0,0,0,1,0,0,1,1,1,0,1,1,1,0,1,0,1,0,0,0,0,0,1,0,0,0,0,0,0,1,1,1,0,1,1,0,2,0,0,1,1,0,0,1,0,1,1,0,1,1,0,1,2,0,1,1,0,1,0,1,0,1,0,1,0,1,1,0,2,0,1,1,2,2,2,0,0.56
54,O=C(C(Cl)=C1O)C(O)=C(Cl)C1=O,O=c1[nH]c2ccccc2[nH]c1=O,0,0,0,0,0,0,0,0,0,0,0,0,0,0,0,0,0,0,0,0,0,0,0,0,0,0,0,0,0,0,0,0,0,0,0,0,0,0,0,0,0,0,0,0,0,0,0,0,0,0,0,0,0,0,1,0,0,0,0,0,0,0,0,0,0,1,0,0,0,0,0,0,2,0,0,0,1,0,0,1,0,0,0,0,0,0,0,1,0,1,0,0,1,0,0,1,0,0,1,1,0,1,0,1,0,1,0,1,0,0,1,0,0,1,0,0,0,1,0,0,1,1,0,0,0,1,0,2,0,0,0,2,0,0,1,0,2,1,0,1,1,0,1,2,1,1,1,0,0,0,2,1,1,0,2,0,1,1,0,2,0,1,1,2,2,2,0,0.68
55,O=C(C(Cl)=C1O)C(O)=C(Cl)C1=O,Cc1nc2ccccc2nc1C,0,0,0,0,0,0,0,0,0,0,0,0,0,0,0,0,0,0,0,0,0,0,0,0,0,0,0,0,0,0,0,0,0,0,0,0,0,0,0,0,0,0,0,0,0,0,0,0,0,0,0,0,0,0,0,0,0,0,0,0,0,0,0,0,0,1,0,0,0,0,0,0,1,0,0,0,1,0,0,1,0,0,0,0,0,0,0,1,0,1,0,0,0,0,0,0,0,0,1,1,0,1,0,1,0,1,0,1,0,0,0,0,0,0,0,0,0,0,0,0,1,1,0,0,0,1,0,1,0,0,0,1,0,0,1,0,1,1,0,1,1,0,1,1,1,1,1,0,0,1,2,0,1,0,1,0,1,1,0,1,1,1,1,2,1,2,0,0.9
56,O=C(C(Cl)=C1O)C(O)=C(Cl)C1=O,Nc1nc2ccccc2nc1N,0,0,0,0,0,0,0,0,0,0,0,0,0,0,0,0,0,0,0,0,0,0,0,0,0,0,0,0,0,0,0,0,0,0,0,0,0,0,1,0,0,0,0,0,0,0,0,0,0,0,0,0,0,0,1,0,0,0,0,0,0,0,0,0,0,1,0,0,0,0,0,0,1,0,0,0,1,1,0,1,0,0,0,0,1,0,0,1,0,1,0,0,0,0,0,0,0,0,1,1,0,1,0,1,0,1,0,1,0,0,0,0,0,0,0,0,0,0,0,0,1,1,0,0,0,1,0,1,0,0,0,2,0,1,1,1,1,1,0,1,1,0,1,1,1,1,1,0,0,0,2,1,1,0,1,0,1,1,1,1,0,1,1,2,1,2,0,0.5
57,O=C(C(Cl)=C1O)C(O)=C(Cl)C1=O,Clc1nc2ccccc2nc1Cl,0,0,0,0,0,0,0,0,0,0,0,0,0,0,0,0,0,0,0,0,0,0,0,0,0,0,0,0,0,0,0,0,0,0,0,0,0,0,0,0,0,0,0,0,0,0,0,0,0,0,0,0,0,0,0,0,0,0,0,0,0,0,0,0,0,1,0,0,0,0,0,0,1,0,0,0,1,0,0,1,0,0,0,0,0,0,0,2,0,1,0,0,0,0,0,0,0,0,1,1,0,1,0,2,0,1,0,2,0,0,0,0,0,0,0,0,0,0,0,0,1,1,0,0,0,1,0,1,0,0,0,1,0,0,2,0,1,1,0,1,1,0,1,1,1,1,1,0,0,0,2,0,1,0,1,0,1,1,0,1,0,1,1,2,1,2,0,0.83
58,O=C(C(Cl)=C1O)C(O)=C(Cl)C1=O,c1nc2ccc3nccnc3c2[nH]1,0,0,0,0,0,0,0,0,0,0,0,0,0,0,0,0,0,0,0,0,0,0,0,0,0,0,0,0,0,0,0,0,0,0,0,0,0,0,0,0,0,0,0,0,0,0,0,0,0,0,0,0,0,0,0,0,0,0,0,0,0,0,0,0,0,1,0,0,0,0,0,0,1,0,0,0,1,1,0,1,1,0,0,1,0,0,0,1,0,1,0,0,0,0,0,0,1,0,1,1,0,1,0,1,0,1,0,1,0,0,0,0,0,0,0,0,0,0,0,0,1,1,0,0,0,1,0,1,0,0,0,1,0,0,1,0,1,1,0,1,1,0,1,1,0,1,1,0,0,0,1,1,1,0,1,0,1,1,0,1,0,1,1,2,1,2,0,0.67
59,O=C(C(Cl)=C1O)C(O)=C(Cl)C1=O,[O-][n+]1ccnc2ccccc12,0,0,0,0,0,0,0,0,0,0,0,0,0,1,0,0,0,0,0,0,0,0,0,0,1,0,0,0,0,0,0,0,0,0,0,0,0,0,0,0,0,0,0,0,0,0,0,0,0,1,0,0,0,0,0,0,0,0,0,0,0,0,0,0,0,1,0,0,0,0,0,1,1,0,0,1,1,0,0,1,0,0,0,0,0,0,0,1,0,1,0,0,0,0,1,0,0,1,1,1,0,1,1,1,0,1,0,1,0,0,0,0,0,1,0,0,0,0,0,0,1,1,1,0,1,1,0,2,0,0,0,1,0,0,1,0,1,1,0,1,1,0,1,2,0,1,1,0,1,0,1,0,1,0,1,0,1,1,0,1,0,1,1,2,2,2,0,0.63
60,O=C(C(Cl)=C1O)C(O)=C(Cl)C1=O,c1ccc2c(c1)[nH]c1c2ccc2c3ccccc3[nH]c12,0,0,0,0,0,0,0,0,0,0,0,0,0,0,0,0,0,0,0,0,0,0,0,0,0,0,0,0,0,0,0,0,0,0,0,0,0,0,0,0,0,0,0,0,0,0,0,0,0,0,0,0,0,0,1,0,0,0,0,0,0,0,0,0,0,1,0,0,0,0,0,0,1,0,0,0,1,0,0,1,0,0,0,1,0,0,0,1,0,1,0,0,0,0,0,0,1,0,0,1,0,1,0,1,0,1,0,1,0,0,0,0,0,0,0,0,0,0,0,0,1,1,0,0,0,1,0,1,0,0,0,2,0,0,1,0,1,1,0,1,1,0,1,1,0,1,1,0,0,0,1,1,1,0,1,0,1,1,0,1,0,1,1,2,1,2,0,0.65
